{"meta": {"format": 3, "version": "7.9.1", "timestamp": "2025-06-27T22:17:27.817761", "branch_coverage": false, "show_contexts": false}, "files": {"app.py": {"executed_lines": [1, 2, 3, 4, 5, 6, 8, 9, 13, 14, 17, 18, 19, 20, 21, 22, 23, 26, 27, 28, 29, 30, 37, 48, 50, 51, 52, 53, 54, 57, 58, 59, 70, 73, 74, 95, 96, 130, 131, 137, 138, 139, 164, 165, 166, 220, 221, 222, 241, 242, 243, 270, 271, 272, 285, 286, 290, 291, 292], "summary": {"covered_lines": 59, "num_statements": 183, "percent_covered": 32.240437158469945, "percent_covered_display": "32", "missing_lines": 124, "excluded_lines": 0}, "missing_lines": [60, 61, 62, 63, 64, 65, 66, 67, 68, 69, 75, 76, 77, 79, 80, 82, 83, 84, 85, 86, 89, 90, 91, 92, 97, 98, 99, 101, 102, 104, 105, 106, 107, 108, 109, 111, 120, 121, 127, 132, 133, 134, 140, 141, 142, 143, 144, 145, 146, 148, 149, 151, 152, 153, 160, 161, 167, 168, 169, 170, 171, 172, 173, 174, 175, 177, 178, 179, 180, 181, 182, 183, 184, 185, 186, 187, 188, 189, 190, 191, 192, 194, 196, 197, 198, 200, 201, 202, 203, 205, 217, 223, 224, 225, 226, 227, 228, 230, 244, 245, 246, 247, 248, 249, 250, 252, 253, 254, 255, 256, 257, 259, 266, 267, 273, 274, 275, 276, 277, 278, 280, 281, 282, 288], "excluded_lines": [], "functions": {"getDb": {"executed_lines": [18, 19, 20, 21, 22, 23], "summary": {"covered_lines": 6, "num_statements": 6, "percent_covered": 100.0, "percent_covered_display": "100", "missing_lines": 0, "excluded_lines": 0}, "missing_lines": [], "excluded_lines": []}, "initDb": {"executed_lines": [27, 28, 29, 30, 37, 48], "summary": {"covered_lines": 6, "num_statements": 6, "percent_covered": 100.0, "percent_covered_display": "100", "missing_lines": 0, "excluded_lines": 0}, "missing_lines": [], "excluded_lines": []}, "closeConnection": {"executed_lines": [52, 53, 54], "summary": {"covered_lines": 3, "num_statements": 3, "percent_covered": 100.0, "percent_covered_display": "100", "missing_lines": 0, "excluded_lines": 0}, "missing_lines": [], "excluded_lines": []}, "tokenRequired": {"executed_lines": [59, 70], "summary": {"covered_lines": 2, "num_statements": 2, "percent_covered": 100.0, "percent_covered_display": "100", "missing_lines": 0, "excluded_lines": 0}, "missing_lines": [], "excluded_lines": []}, "tokenRequired.decorated": {"executed_lines": [], "summary": {"covered_lines": 0, "num_statements": 10, "percent_covered": 0.0, "percent_covered_display": "0", "missing_lines": 10, "excluded_lines": 0}, "missing_lines": [60, 61, 62, 63, 64, 65, 66, 67, 68, 69], "excluded_lines": []}, "signup": {"executed_lines": [], "summary": {"covered_lines": 0, "num_statements": 14, "percent_covered": 0.0, "percent_covered_display": "0", "missing_lines": 14, "excluded_lines": 0}, "missing_lines": [75, 76, 77, 79, 80, 82, 83, 84, 85, 86, 89, 90, 91, 92], "excluded_lines": []}, "login": {"executed_lines": [], "summary": {"covered_lines": 0, "num_statements": 15, "percent_covered": 0.0, "percent_covered_display": "0", "missing_lines": 15, "excluded_lines": 0}, "missing_lines": [97, 98, 99, 101, 102, 104, 105, 106, 107, 108, 109, 111, 120, 121, 127], "excluded_lines": []}, "logout": {"executed_lines": [], "summary": {"covered_lines": 0, "num_statements": 3, "percent_covered": 0.0, "percent_covered_display": "0", "missing_lines": 3, "excluded_lines": 0}, "missing_lines": [132, 133, 134], "excluded_lines": []}, "createBook": {"executed_lines": [], "summary": {"covered_lines": 0, "num_statements": 14, "percent_covered": 0.0, "percent_covered_display": "0", "missing_lines": 14, "excluded_lines": 0}, "missing_lines": [140, 141, 142, 143, 144, 145, 146, 148, 149, 151, 152, 153, 160, 161], "excluded_lines": []}, "getBooks": {"executed_lines": [], "summary": {"covered_lines": 0, "num_statements": 35, "percent_covered": 0.0, "percent_covered_display": "0", "missing_lines": 35, "excluded_lines": 0}, "missing_lines": [167, 168, 169, 170, 171, 172, 173, 174, 175, 177, 178, 179, 180, 181, 182, 183, 184, 185, 186, 187, 188, 189, 190, 191, 192, 194, 196, 197, 198, 200, 201, 202, 203, 205, 217], "excluded_lines": []}, "getBookById": {"executed_lines": [], "summary": {"covered_lines": 0, "num_statements": 7, "percent_covered": 0.0, "percent_covered_display": "0", "missing_lines": 7, "excluded_lines": 0}, "missing_lines": [223, 224, 225, 226, 227, 228, 230], "excluded_lines": []}, "updateBookById": {"executed_lines": [], "summary": {"covered_lines": 0, "num_statements": 16, "percent_covered": 0.0, "percent_covered_display": "0", "missing_lines": 16, "excluded_lines": 0}, "missing_lines": [244, 245, 246, 247, 248, 249, 250, 252, 253, 254, 255, 256, 257, 259, 266, 267], "excluded_lines": []}, "deleteBookById": {"executed_lines": [], "summary": {"covered_lines": 0, "num_statements": 9, "percent_covered": 0.0, "percent_covered_display": "0", "missing_lines": 9, "excluded_lines": 0}, "missing_lines": [273, 274, 275, 276, 277, 278, 280, 281, 282], "excluded_lines": []}, "serveIndex": {"executed_lines": [], "summary": {"covered_lines": 0, "num_statements": 1, "percent_covered": 0.0, "percent_covered_display": "0", "missing_lines": 1, "excluded_lines": 0}, "missing_lines": [288], "excluded_lines": []}, "": {"executed_lines": [1, 2, 3, 4, 5, 6, 8, 9, 13, 14, 17, 26, 50, 51, 57, 58, 73, 74, 95, 96, 130, 131, 137, 138, 139, 164, 165, 166, 220, 221, 222, 241, 242, 243, 270, 271, 272, 285, 286, 290, 291, 292], "summary": {"covered_lines": 42, "num_statements": 42, "percent_covered": 100.0, "percent_covered_display": "100", "missing_lines": 0, "excluded_lines": 0}, "missing_lines": [], "excluded_lines": []}}, "classes": {"": {"executed_lines": [1, 2, 3, 4, 5, 6, 8, 9, 13, 14, 17, 18, 19, 20, 21, 22, 23, 26, 27, 28, 29, 30, 37, 48, 50, 51, 52, 53, 54, 57, 58, 59, 70, 73, 74, 95, 96, 130, 131, 137, 138, 139, 164, 165, 166, 220, 221, 222, 241, 242, 243, 270, 271, 272, 285, 286, 290, 291, 292], "summary": {"covered_lines": 59, "num_statements": 183, "percent_covered": 32.240437158469945, "percent_covered_display": "32", "missing_lines": 124, "excluded_lines": 0}, "missing_lines": [60, 61, 62, 63, 64, 65, 66, 67, 68, 69, 75, 76, 77, 79, 80, 82, 83, 84, 85, 86, 89, 90, 91, 92, 97, 98, 99, 101, 102, 104, 105, 106, 107, 108, 109, 111, 120, 121, 127, 132, 133, 134, 140, 141, 142, 143, 144, 145, 146, 148, 149, 151, 152, 153, 160, 161, 167, 168, 169, 170, 171, 172, 173, 174, 175, 177, 178, 179, 180, 181, 182, 183, 184, 185, 186, 187, 188, 189, 190, 191, 192, 194, 196, 197, 198, 200, 201, 202, 203, 205, 217, 223, 224, 225, 226, 227, 228, 230, 244, 245, 246, 247, 248, 249, 250, 252, 253, 254, 255, 256, 257, 259, 266, 267, 273, 274, 275, 276, 277, 278, 280, 281, 282, 288], "excluded_lines": []}}}}, "totals": {"covered_lines": 59, "num_statements": 183, "percent_covered": 32.240437158469945, "percent_covered_display": "32", "missing_lines": 124, "excluded_lines": 0}}